{
  "IcoMoonType": "selection",
  "icons": [
    {
      "icon": {
        "paths": [
          "M713.143 73.143c90.857 0 164.571 73.714 164.571 164.571v548.571c0 90.857-73.714 164.571-164.571 164.571h-107.429v-340h113.714l17.143-132.571h-130.857v-84.571c0-38.286 10.286-64 65.714-64l69.714-0.571v-118.286c-12-1.714-53.714-5.143-101.714-5.143-101.143 0-170.857 61.714-170.857 174.857v97.714h-114.286v132.571h114.286v340h-304c-90.857 0-164.571-73.714-164.571-164.571v-548.571c0-90.857 73.714-164.571 164.571-164.571h548.571z"
        ],
        "width": 877.7142857142857,
        "attrs": [],
        "isMulticolor": false,
        "isMulticolor2": false,
        "tags": [
          "facebook-square"
        ],
        "defaultCode": 61570,
        "grid": 14
      },
      "attrs": [],
      "properties": {
        "name": "facebook-square",
        "id": 123,
        "order": 33,
        "prevSize": 28,
        "code": 61570
      },
      "setIdx": 4,
      "setId": 2,
      "iconIdx": 123
    },
    {
      "icon": {
        "paths": [
          "M804.571 708.571c0 20.571-9.143 60.571-17.714 79.429-12 28-44 46.286-69.714 60.571-33.714 18.286-68 29.143-106.286 29.143-53.143 0-101.143-21.714-149.714-39.429-34.857-12.571-68.571-28-100-47.429-97.143-60-214.286-177.143-274.286-274.286-19.429-31.429-34.857-65.143-47.429-100-17.714-48.571-39.429-96.571-39.429-149.714 0-38.286 10.857-72.571 29.143-106.286 14.286-25.714 32.571-57.714 60.571-69.714 18.857-8.571 58.857-17.714 79.429-17.714 4 0 8 0 12 1.714 12 4 24.571 32 30.286 43.429 18.286 32.571 36 65.714 54.857 97.714 9.143 14.857 26.286 33.143 26.286 50.857 0 34.857-103.429 85.714-103.429 116.571 0 15.429 14.286 35.429 22.286 49.143 57.714 104 129.714 176 233.714 233.714 13.714 8 33.714 22.286 49.143 22.286 30.857 0 81.714-103.429 116.571-103.429 17.714 0 36 17.143 50.857 26.286 32 18.857 65.143 36.571 97.714 54.857 11.429 5.714 39.429 18.286 43.429 30.286 1.714 4 1.714 8 1.714 12z"
        ],
        "width": 804.5714285714286,
        "attrs": [],
        "isMulticolor": false,
        "isMulticolor2": false,
        "tags": [
          "phone"
        ],
        "defaultCode": 61589,
        "grid": 14
      },
      "attrs": [],
      "properties": {
        "name": "phone",
        "id": 141,
        "order": 32,
        "prevSize": 28,
        "code": 61589
      },
      "setIdx": 4,
      "setId": 2,
      "iconIdx": 141
    },
    {
      "icon": {
        "paths": [
          "M358.286 310.857c0 4.571-2.286 9.714-5.714 13.143l-224.571 224.571 224.571 224.571c3.429 3.429 5.714 8.571 5.714 13.143s-2.286 9.714-5.714 13.143l-28.571 28.571c-3.429 3.429-8.571 5.714-13.143 5.714s-9.714-2.286-13.143-5.714l-266.286-266.286c-3.429-3.429-5.714-8.571-5.714-13.143s2.286-9.714 5.714-13.143l266.286-266.286c3.429-3.429 8.571-5.714 13.143-5.714s9.714 2.286 13.143 5.714l28.571 28.571c3.429 3.429 5.714 8 5.714 13.143z"
        ],
        "width": 384,
        "attrs": [],
        "isMulticolor": false,
        "isMulticolor2": false,
        "tags": [
          "angle-left"
        ],
        "defaultCode": 61700,
        "grid": 14
      },
      "attrs": [],
      "properties": {
        "name": "angle-left",
        "id": 233,
        "order": 5,
        "prevSize": 28,
        "code": 61700
      },
      "setIdx": 4,
      "setId": 2,
      "iconIdx": 233
    },
    {
      "icon": {
        "paths": [
          "M340 548.571c0 4.571-2.286 9.714-5.714 13.143l-266.286 266.286c-3.429 3.429-8.571 5.714-13.143 5.714s-9.714-2.286-13.143-5.714l-28.571-28.571c-3.429-3.429-5.714-8-5.714-13.143 0-4.571 2.286-9.714 5.714-13.143l224.571-224.571-224.571-224.571c-3.429-3.429-5.714-8.571-5.714-13.143s2.286-9.714 5.714-13.143l28.571-28.571c3.429-3.429 8.571-5.714 13.143-5.714s9.714 2.286 13.143 5.714l266.286 266.286c3.429 3.429 5.714 8.571 5.714 13.143z"
        ],
        "width": 347.4285714285714,
        "attrs": [],
        "isMulticolor": false,
        "isMulticolor2": false,
        "tags": [
          "angle-right"
        ],
        "defaultCode": 61701,
        "grid": 14
      },
      "attrs": [],
      "properties": {
        "name": "angle-right",
        "id": 234,
        "order": 4,
        "prevSize": 28,
        "code": 61701
      },
      "setIdx": 4,
      "setId": 2,
      "iconIdx": 234
    },
    {
      "icon": {
        "paths": [
          "M614.286 676.571c0 4.571-2.286 9.714-5.714 13.143l-28.571 28.571c-3.429 3.429-8 5.714-13.143 5.714-4.571 0-9.714-2.286-13.143-5.714l-224.571-224.571-224.571 224.571c-3.429 3.429-8.571 5.714-13.143 5.714s-9.714-2.286-13.143-5.714l-28.571-28.571c-3.429-3.429-5.714-8.571-5.714-13.143s2.286-9.714 5.714-13.143l266.286-266.286c3.429-3.429 8.571-5.714 13.143-5.714s9.714 2.286 13.143 5.714l266.286 266.286c3.429 3.429 5.714 8.571 5.714 13.143z"
        ],
        "width": 658.2857142857142,
        "attrs": [],
        "isMulticolor": false,
        "isMulticolor2": false,
        "tags": [
          "angle-up"
        ],
        "defaultCode": 61702,
        "grid": 14
      },
      "attrs": [],
      "properties": {
        "name": "angle-up",
        "id": 235,
        "order": 6,
        "prevSize": 28,
        "code": 61702
      },
      "setIdx": 4,
      "setId": 2,
      "iconIdx": 235
    },
    {
      "icon": {
        "paths": [
          "M614.286 420.571c0 4.571-2.286 9.714-5.714 13.143l-266.286 266.286c-3.429 3.429-8.571 5.714-13.143 5.714s-9.714-2.286-13.143-5.714l-266.286-266.286c-3.429-3.429-5.714-8.571-5.714-13.143s2.286-9.714 5.714-13.143l28.571-28.571c3.429-3.429 8-5.714 13.143-5.714 4.571 0 9.714 2.286 13.143 5.714l224.571 224.571 224.571-224.571c3.429-3.429 8.571-5.714 13.143-5.714s9.714 2.286 13.143 5.714l28.571 28.571c3.429 3.429 5.714 8.571 5.714 13.143z"
        ],
        "width": 658.2857142857142,
        "attrs": [],
        "isMulticolor": false,
        "isMulticolor2": false,
        "tags": [
          "angle-down"
        ],
        "defaultCode": 61703,
        "grid": 14
      },
      "attrs": [],
      "properties": {
        "name": "angle-down",
        "id": 236,
        "order": 7,
        "prevSize": 28,
        "code": 61703
      },
      "setIdx": 4,
      "setId": 2,
      "iconIdx": 236
    }
  ],
  "height": 1024,
  "metadata": {
    "name": "custom-font"
  },
  "preferences": {
    "showGlyphs": true,
    "showQuickUse": true,
    "showQuickUse2": true,
    "showSVGs": true,
    "fontPref": {
      "prefix": "custom-font-",
      "metadata": {
        "fontFamily": "custom-font",
        "majorVersion": 1,
        "minorVersion": 0
      },
      "metrics": {
        "emSize": 1024,
        "baseline": 6.25,
        "whitespace": 50
      },
      "embed": false,
      "ie7": true,
      "noie8": false,
      "showSelector": true,
      "showVersion": false,
      "showMetadata": false,
      "showMetrics": false,
      "selector": "i",
      "cssVars": false,
      "cssVarsFormat": "scss"
    },
    "imagePref": {
      "prefix": "icon-",
      "png": true,
      "useClassSelector": true,
      "color": 0,
      "bgColor": 16777215,
      "classSelector": ".icon"
    },
    "historySize": 50,
    "showCodes": true,
    "gridSize": 16
  }
}